Freq [GHz],Phi [deg],Theta [deg],dB(RealizedGainTotal)
1,-90,-180,-49.7160442636998
1,-90,-175,-21.0689475797976
1,-90,-170,-15.039354025791
1,-90,-165,-11.4977869850649
1,-90,-160,-8.97430859749979
1,-90,-155,-7.0104484991448
1,-90,-150,-5.40472323411337
1,-90,-145,-4.05234318312058
1,-90,-140,-2.893270758824
1,-90,-135,-1.89105402918441
1,-90,-130,-1.02280505434422
1,-90,-125,-0.273914363005121
1,-90,-120,0.364973492516035
1,-90,-115,0.899802422176305
1,-90,-110,1.33428139275264
1,-90,-105,1.67066059370594
1,-90,-100,1.91025183869333
1,-90,-95,2.05377549319709
1,-90,-90,2.10158183845289
1,-90,-85,2.05377442036564
1,-90,-80,1.9102496875956
1,-90,-75,1.67065735429314
1,-90,-70,1.3342770520129
1,-90,-65,0.899796966633285
1,-90,-60,0.364966911603851
1,-90,-55,-0.273922072640504
1,-90,-50,-1.02281388350989
1,-90,-45,-1.89106394951056
1,-90,-40,-2.89328171417676
1,-90,-35,-4.05235507734393
1,-90,-30,-5.40473591051182
1,-90,-25,-7.01046169847189
1,-90,-20,-8.97432185093142
1,-90,-15,-11.497799264956
1,-90,-10,-15.039362122357
1,-90,-5,-21.0689307635727
1,-90,0,-49.6915268863378
1,-90,5,-49.7160442636998
1,-90,10,-21.0671983240056
1,-90,15,-15.0384621058193
1,-90,20,-11.4971769664705
1,-90,25,-8.97383747041853
1,-90,30,-7.01006021478172
1,-90,35,-5.40439090953535
1,-90,40,-4.0520525277303
1,-90,45,-2.89301381251644
1,-90,50,-1.89082633795277
1,-90,55,-1.02260422179701
1,-90,60,-0.273739229500157
1,-90,65,0.36512335362995
1,-90,70,0.899927033457823
1,-90,75,1.33438059699138
1,-90,80,1.67073421052608
1,-90,85,1.91029977370032
1,-90,90,2.05379781123259
1,-90,95,2.10157880772606
1,-90,100,2.05374653142383
1,-90,105,1.91019764930436
1,-90,110,1.6705820676575
1,-90,115,1.3341795614097
1,-90,120,0.89967838648672
1,-90,125,0.36482832426352
1,-90,130,-0.274079755834336
1,-90,135,-1.02299011273122
1,-90,140,-1.8912588060354
1,-90,145,-2.8934963121604
1,-90,150,-4.05259220586049
1,-90,155,-5.40500115234388
1,-90,160,-7.01076559614755
1,-90,165,-8.97468469245673
1,-90,170,-11.4982637338978
1,-90,175,-15.0400373994926
1,-90,180,-21.0702562014612
1,-85,-180,-49.6915268863378
1,-85,-175,-49.7160442636998
1,-85,-170,-21.0654490660681
1,-85,-165,-15.0375639308779
1,-85,-160,-11.4965597650493
1,-85,-155,-8.97335985681239
1,-85,-150,-7.00966700206325
1,-85,-145,-5.40405577613527
1,-85,-140,-4.05176156693737
1,-85,-135,-2.89275931234457
1,-85,-130,-1.89060397348795
1,-85,-125,-1.02241161528155
1,-85,-120,-0.273575135932121
1,-85,-115,0.365259543426976
1,-85,-110,0.900035613504294
1,-85,-105,1.33446176046609
1,-85,-100,1.67078819454147
1,-85,-95,1.91032695496481
1,-85,-90,2.05379876445784
1,-85,-85,2.10155433392592
1,-85,-80,2.05369766050558
1,-85,-75,1.91012561959535
1,-85,-70,1.67048828369061
1,-85,-65,1.33406553003071
1,-85,-60,0.899545629799063
1,-85,-55,0.364678265633434
1,-85,-50,-0.274245940284411
1,-85,-45,-1.0231716914657
1,-85,-40,-1.89145576534222
1,-85,-35,-2.89370975781864
1,-85,-30,-4.0528250004252
1,-85,-25,-5.40525902278997
1,-85,-20,-7.01105927827621
1,-85,-15,-8.97503467324319
1,-85,-10,-11.4987127989231
1,-85,-5,-15.0406944060733
1,-85,0,-21.0715579200116
1,-85,5,-49.6915268863378
1,-85,10,-49.7160442636998
1,-85,15,-21.063713590459
1,-85,20,-15.0366667911393
1,-85,25,-11.4959404882286
1,-85,30,-8.97287974038594
1,-85,35,-7.00927212661187
1,-85,40,-5.40372056982999
1,-85,45,-4.0514726035246
1,-85,50,-2.8925091803251
1,-85,55,-1.89038850676167
1,-85,60,-1.02222847285486
1,-85,65,-0.273423000179276
1,-85,70,0.3653814531829
1,-85,75,0.900127851186832
1,-85,80,1.33452485620344
1,-85,85,1.67082278687578
1,-85,90,1.91033387273579
1,-85,95,2.05377907040692
1,-85,100,2.10150933747782
1,-85,105,2.05362890451515
1,-85,110,1.9100348441399
1,-85,115,1.67037736869485
1,-85,120,1.33393641726435
1,-85,125,0.89940022324059
1,-85,130,0.364518306901722
1,-85,135,-0.274419028515292
1,-85,140,-1.02335700786218
1,-85,145,-1.89165320451985
1,-85,150,-2.89392040873996
1,-85,155,-4.05305177406803
1,-85,160,-5.40550774029481
1,-85,165,-7.01134077755608
1,-85,170,-8.97536947204625
1,-85,175,-11.4991434442175
1,-85,180,-15.0413285848623
1,-80,-180,-21.0728264664273
1,-80,-175,-49.6915268863378
1,-80,-170,-49.7160442636998
1,-80,-165,-21.0620058632537
1,-80,-160,-15.0357782503948
1,-80,-155,-11.4953245146729
1,-80,-150,-8.97240134152609
1,-80,-145,-7.00887903704625
1,-80,-140,-5.40338814238807
1,-80,-135,-4.05118797935469
1,-80,-130,-2.89226529442857
1,-80,-125,-1.8901813783006
1,-80,-120,-1.02205581544009
1,-80,-115,-0.27328343888836
1,-80,-110,0.365488854176808
1,-80,-105,0.900203886294594
1,-80,-100,1.33457036894093
1,-80,-95,1.67083878909583
1,-80,-90,1.91032161281718
1,-80,-85,2.05374006252182
1,-80,-80,2.10144535962381
1,-80,-75,2.05354197042492
1,-80,-70,1.90992715253402
1,-80,-65,1.67025123208847
1,-80,-60,1.33379417131245
1,-80,-55,0.899244116075844
1,-80,-50,0.364350365646146
1,-80,-45,-0.274597160628962
1,-80,-40,-1.02354427693497
1,-80,-35,-1.89184941955742
1,-80,-30,-2.89412663357968
1,-80,-25,-4.05327094064111
1,-80,-20,-5.40574570913177
1,-80,-15,-7.01160839083546
1,-80,-10,-8.97568710223091
1,-80,-5,-11.4995530516555
1,-80,0,-15.0419358374255
1,-80,5,-21.074052936963
1,-80,10,-49.6915268863378
1,-80,15,-49.7160442636998
1,-80,20,-21.0603399022769
1,-80,25,-15.034906065838
1,-80,30,-11.4947174329246
1,-80,35,-8.97192906781833
1,-80,40,-7.00849132514027
1,-80,45,-5.40306143049078
1,-80,50,-4.05091005312988
1,-80,55,-2.89202947500003
1,-80,60,-1.88998389322371
1,-80,65,-1.02189445034165
1,-80,70,-0.273156779187324
1,-80,75,0.365581878222825
1,-80,80,0.900264282921997
1,-80,85,1.33459926214363
1,-80,90,1.67083752477936
1,-80,95,1.91029181373341
1,-80,100,2.0536836440603
1,-80,105,2.10136451428354
1,-80,110,2.05343912632996
1,-80,115,1.90980490978151
1,-80,120,1.67011227950773
1,-80,125,1.33364118502105
1,-80,130,0.899079639715654
1,-80,135,0.364176669948887
1,-80,140,-0.274778244968567
1,-80,145,-1.02373156555997
1,-80,150,-1.89204264446558
1,-80,155,-2.89432682537068
1,-80,160,-4.05348102268933
1,-80,165,-5.40597152256973
1,-80,170,-7.01186067879049
1,-80,175,-8.97598590991083
1,-80,180,-11.4999394007976
1,-75,-180,-15.042512533368
1,-75,-175,-21.0752290222359
1,-75,-170,-49.6915268863378
1,-75,-165,-49.7160442636998
1,-75,-160,-21.0587296389795
1,-75,-155,-15.0340580985643
1,-75,-150,-11.4941249713393
1,-75,-145,-8.97146745707721
1,-75,-140,-7.00811268014871
1,-75,-135,-5.40274342094012
1,-75,-130,-4.05064117652186
1,-75,-125,-2.89180347193603
1,-75,-120,-1.88979721950555
1,-75,-115,-1.02174498045962
1,-75,-110,-0.273043078497019
1,-75,-105,0.365660987854037
1,-75,-100,0.90030999047882
1,-75,-95,1.33461293089678
1,-75,-90,1.6708207855481
1,-75,-85,1.9102466073306
1,-75,-80,2.05361222482281
1,-75,-75,2.10126942254903
1,-75,-70,2.05332313539065
1,-75,-65,1.90967095135058
1,-75,-60,1.66996335058029
1,-75,-55,1.33348023785966
1,-75,-50,0.898909455230266
1,-75,-45,0.363999712566618
1,-75,-40,-0.274959996413509
1,-75,-35,-1.0239168226377
1,-75,-30,-1.89223107302465
1,-75,-25,-2.89451941491753
1,-75,-20,-4.053680656934
1,-75,-15,-5.40618396132515
1,-75,-10,-7.01209645876544
1,-75,-5,-8.97626456338494
1,-75,0,-11.5003006586042
1,-75,5,-15.0430555079615
1,-75,10,-21.0763470395868
1,-75,15,-49.6915268863378
1,-75,20,-49.7160442636998
1,-75,25,-21.057188774078
1,-75,30,-15.0332422164113
1,-75,35,-11.4935529207008
1,-75,40,-8.97102111404736
1,-75,45,-7.00774683821331
1,-75,50,-5.40243711266319
1,-75,55,-4.05038366903835
1,-75,60,-2.89158895268872
1,-75,65,-1.8896223892335
1,-75,70,-1.0216078186703
1,-75,75,-0.272942151615095
1,-75,80,0.365726937258523
1,-75,85,0.900342293671698
1,-75,90,1.33461314223889
1,-75,95,1.67079076330872
1,-75,100,1.91018854468963
1,-75,105,2.0535286426598
1,-75,110,2.10116313181166
1,-75,115,2.05319717464667
1,-75,120,1.90952850372338
1,-75,125,1.66980764317687
1,-75,130,1.33331442569941
1,-75,135,0.89873649027847
1,-75,140,0.363822196382077
1,-75,145,-0.275139981333754
1,-75,150,-1.02409791372422
1,-75,155,-1.89241288274007
1,-75,160,-2.89470288413628
1,-75,165,-4.05386859750151
1,-75,170,-5.4063819876818
1,-75,175,-7.01231479137994
1,-75,180,-8.97652203465412
1,-70,-180,-11.5006353597678
1,-70,-175,-15.0435620490851
1,-70,-170,-21.0773999531669
1,-70,-165,-49.6915268863378
1,-70,-160,-49.7160442636998
1,-70,-155,-21.0557306292428
1,-70,-150,-15.0324661910273
1,-70,-145,-11.4930070511387
1,-70,-140,-8.97059464213838
1,-70,-135,-7.00739752792468
1,-70,-130,-5.40214547627108
1,-70,-125,-4.05013979204265
1,-70,-120,-2.89138749115158
1,-70,-115,-1.88946030254394
1,-70,-110,-1.02148320668882
1,-70,-105,-0.272853604032762
1,-70,-100,0.365780725343335
1,-70,-95,0.900362753135679
1,-70,-90,1.33460196487752
1,-70,-85,1.67074997085918
1,-70,-80,1.91012050966982
1,-70,-75,2.05343607218211
1,-70,-70,2.10104902198499
1,-70,-65,2.05306474114573
1,-70,-60,1.90938109279908
1,-70,-55,1.66964862636057
1,-70,-50,1.33314708041386
1,-70,-45,0.898563867232659
1,-70,-40,0.363646972633227
1,-70,-35,-0.275315668023999
1,-70,-30,-1.02427265928793
1,-70,-25,-1.89258626051316
1,-70,-20,-2.89487577919503
1,-70,-15,-4.05404371708991
1,-70,-10,-5.40656473578412
1,-70,-5,-7.01251496168566
1,-70,0,-8.97675757402853
1,-70,5,-11.5009423788351
1,-70,10,-15.0440298747063
1,-70,15,-21.0783813827556
1,-70,20,-49.6915268863378
1,-70,25,-49.7160442636998
1,-70,30,-21.054367997311
1,-70,35,-15.0317375912664
1,-70,40,-11.4924930251758
1,-70,45,-8.97019257172864
1,-70,50,-7.00706841324888
1,-70,55,-5.40187141201987
1,-70,60,-4.04991172237822
1,-70,65,-2.89120055746518
1,-70,70,-1.8893117338502
1,-70,75,-1.02137123760298
1,-70,80,-0.272776870261818
1,-70,85,0.365823542533316
1,-70,90,0.900373138673522
1,-70,95,1.33458169054799
1,-70,100,1.6707011533682
1,-70,105,1.91004562277645
1,-70,110,2.0533379234843
1,-70,115,2.10093070167986
1,-70,120,2.05292954821677
1,-70,125,1.90923244288274
1,-70,130,1.66948994460038
1,-70,135,1.33298168164035
1,-70,140,0.898394824552959
1,-70,145,0.36347697364067
1,-70,150,-0.275484481264444
1,-70,155,-1.02443887563257
1,-70,160,-1.89274942947284
1,-70,165,-2.89503672330836
1,-70,170,-4.05420500631817
1,-70,175,-5.40673149871501
1,-70,180,-7.0126964558077
1,-65,-180,-8.97697067903126
1,-65,-175,-11.5012208955193
1,-65,-170,-15.0444571023875
1,-65,-165,-21.0792856026029
1,-65,-160,-49.6915268863378
1,-65,-155,-49.7160442636998
1,-65,-150,-21.0531129936327
1,-65,-145,-15.0310636751648
1,-65,-140,-11.4920163088731
1,-65,-135,-8.969819286698
1,-65,-130,-7.00676303512631
1,-65,-125,-5.4016177070834
1,-65,-120,-4.04970152607996
1,-65,-115,-2.89102950876765
1,-65,-110,-1.8891773399188
1,-65,-105,-1.02127188116727
1,-65,-100,-0.272711255807749
1,-65,-95,0.365856713095356
1,-65,-90,0.900375357277108
1,-65,-85,1.33455474952363
1,-65,-80,1.67064719350896
1,-65,-75,1.90996713833621
1,-65,-70,2.05323773399316
1,-65,-65,2.10081189749283
1,-65,-60,2.05279541501817
1,-65,-55,1.90908636928068
1,-65,-50,1.66933531608433
1,-65,-45,1.33282176328249
1,-65,-40,0.898232633674503
1,-65,-35,0.363315141929388
1,-65,-30,-0.275643859522102
1,-65,-25,-1.02459441743725
1,-65,-20,-1.89290067637087
1,-65,-15,-2.89518442903757
1,-65,-10,-4.05435157154595
1,-65,-5,-5.40688171305175
1,-65,0,-7.01285893412775
1,-65,5,-8.97716105895678
1,-65,10,-11.5014703547867
1,-65,15,-15.0448422125109
1,-65,20,-21.0801075318218
1,-65,25,-49.6915268863378
1,-65,30,-49.7160442636998
1,-65,35,-21.0519769112249
1,-65,40,-15.0304512828455
1,-65,45,-11.4915820831379
1,-65,50,-8.96947895093177
1,-65,55,-7.00648475311347
1,-65,60,-5.40138699309067
1,-65,65,-4.04951113266488
1,-65,70,-2.89087558089942
1,-65,75,-1.88905766930598
1,-65,80,-1.02118501087279
1,-65,85,-0.272655981324417
1,-65,90,0.365881634903719
1,-65,95,0.900371378256525
1,-65,100,1.334523622957
1,-65,105,1.67059101321566
1,-65,110,1.90988833816449
1,-65,115,2.05313905676069
1,-65,120,2.10069633977879
1,-65,125,2.05266615269748
1,-65,130,1.90894666772076
1,-65,135,1.66918842815174
1,-65,140,1.33267081749995
1,-65,145,0.898080513815201
1,-65,150,0.363164357758088
1,-65,155,-0.275791313215783
1,-65,160,-1.0247372208034
1,-65,165,-1.89303837891124
1,-65,170,-2.89531770994956
1,-65,175,-4.05448263148305
1,-65,180,-5.40701494165379
1,-60,-180,-7.01300220215036
1,-60,-175,-8.97732859655288
1,-60,-170,-11.5016904234301
1,-60,-165,-15.0451840070628
1,-60,-160,-21.0808427180374
1,-60,-155,-49.6915268863378
1,-60,-150,-49.7160442636998
1,-60,-145,-21.0509700824116
1,-60,-140,-15.0299067327309
1,-60,-135,-11.4911951572915
1,-60,-130,-8.96917543656811
1,-60,-125,-7.00623668845944
1,-60,-120,-5.40118170489186
1,-60,-115,-4.04934231049873
1,-60,-110,-2.89073988106113
1,-60,-105,-1.88895317264268
1,-60,-100,-1.0211104317704
1,-60,-95,-0.272610227431365
1,-60,-90,0.365899718630456
1,-60,-85,0.900363157881764
1,-60,-80,1.33449075482146
1,-60,-75,1.67053547512959
1,-60,-70,1.90981242501231
1,-60,-65,2.05304534862785
1,-60,-60,2.10058764838577
1,-60,-55,2.05254545060442
1,-60,-50,1.90881700391578
1,-60,-45,1.66905283295705
1,-60,-40,1.33253219901568
1,-60,-35,0.89794154718372
1,-60,-30,0.363027367127942
1,-60,-25,-0.275924482425317
1,-60,-20,-1.02486534567128
1,-60,-15,-1.89316103237472
1,-60,-10,-2.89543549149264
1,-60,-5,-4.05459751292722
1,-60,0,-5.40713085547103
1,-60,5,-7.01312618024282
1,-60,10,-8.97747330835468
1,-60,15,-11.5018809449146
1,-60,20,-15.0454815659058
1,-60,25,-21.0814873161081
1,-60,30,-49.6915268863378
1,-60,35,-49.7160442636998
1,-60,40,-21.050101749558
1,-60,45,-15.0294357234052
1,-60,50,-11.4908598869697
1,-60,55,-8.96891225574339
1,-60,60,-7.0060216699983
1,-60,65,-5.40100404150559
1,-60,70,-4.04919664372336
1,-60,75,-2.89062338141392
1,-60,80,-1.88886421324639
1,-60,85,-1.02104790801571
1,-60,90,-0.27257317866935
1,-60,95,0.365912328349832
1,-60,100,0.900352565945838
1,-60,105,1.33445846622655
1,-60,110,1.67048328680435
1,-60,115,1.90974241908333
1,-60,120,2.05295986168692
1,-60,125,2.10048922183083
1,-60,130,2.05243676599915
1,-60,135,1.90870080658834
1,-60,140,1.66893184647629
1,-60,145,1.332409032568
1,-60,150,0.897818597063397
1,-60,155,0.362906712338585
1,-60,160,-0.276041192429681
1,-60,165,-1.02497701647369
1,-60,170,-1.89326727490433
1,-60,175,-2.8955368209529
1,-60,180,-4.05469564597683
1,-55,-180,-5.40722921516906
1,-55,-175,-7.01323087344909
1,-55,-170,-8.97759530521233
1,-55,-165,-11.5020418942985
1,-55,-160,-15.045734202491
1,-55,-155,-21.0820380637832
1,-55,-150,-49.6915268863378
1,-55,-145,-49.7160442636998
1,-55,-140,-21.0493799473819
1,-55,-135,-15.0290432433719
1,-55,-130,-11.4905800983487
1,-55,-125,-8.96869249752004
1,-55,-120,-7.00584218417908
1,-55,-115,-5.40085593015963
1,-55,-110,-4.0490755112053
1,-55,-105,-2.89052691360348
1,-55,-100,-1.88879107754827
1,-55,-95,-1.02099718913152
1,-55,-90,-0.272544065109974
1,-55,-85,0.36592072548997
1,-55,-80,0.900341316589908
1,-55,-75,1.33442887479923
1,-55,-70,1.67043691064996
1,-55,-65,1.90968106081336
1,-55,-60,2.05288554136882
1,-55,-55,2.10040413329232
1,-55,-50,2.05234322059427
1,-55,-45,1.90860116717471
1,-55,-40,1.66882845387238
1,-55,-35,1.33230412624784
1,-55,-30,0.897714231171367
1,-55,-25,0.362804667093681
1,-55,-20,-0.276139505511375
1,-55,-15,-1.02507065993383
1,-55,-10,-1.8933559108421
1,-55,-5,-2.89562087636479
1,-55,0,-4.05477655905911
1,-55,5,-5.40730985334948
1,-55,10,-7.01331634254695
1,-55,15,-8.97769475451267
1,-55,20,-11.5021733349845
1,-55,25,-15.0459414209187
1,-55,30,-21.0824922561401
1,-55,35,-49.6915268863378
1,-55,40,-49.7160442636998
1,-55,45,-21.0488113991291
1,-55,50,-15.0287334907924
1,-55,55,-11.4903590205485
1,-55,60,-8.96851877156855
1,-55,65,-7.00570033046818
1,-55,70,-5.40073899427409
1,-55,75,-4.04898006793257
1,-55,80,-2.89045116418514
1,-55,85,-1.88873398485036
1,-55,90,-1.02095803403979
1,-55,95,-0.272522200223841
1,-55,100,0.365926017948399
1,-55,105,0.900330905588718
1,-55,110,1.33440382165993
1,-55,115,1.67039848241377
1,-55,120,1.90963072291071
1,-55,125,2.05282493427729
1,-55,130,2.1003350365861
1,-55,135,2.05226750706351
1,-55,140,1.90852074922656
1,-55,145,1.66874522404854
1,-55,150,1.3322198932913
1,-55,155,0.897630652541923
1,-55,160,0.362723178032418
1,-55,165,-0.276217767563356
1,-55,170,-1.02514493898295
1,-55,175,-1.89342593154737
1,-55,180,-2.89568697426026
1,-50,-180,-4.0548398740986
1,-50,-175,-5.40737265810005
1,-50,-170,-7.01338267745217
1,-50,-165,-8.97777184551216
1,-50,-160,-11.5022753789603
1,-50,-155,-15.0461028761494
1,-50,-150,-21.082847720555
1,-50,-145,-49.6915268863378
1,-50,-140,-49.7160442636998
1,-50,-135,-21.0484014286526
1,-50,-130,-15.0285098050739
1,-50,-125,-11.4901992278796
1,-50,-120,-8.96839316001322
1,-50,-115,-7.00559778323125
1,-50,-110,-5.40065452614831
1,-50,-105,-4.04891122923933
1,-50,-100,-2.89039667092563
1,-50,-95,-1.88869309597073
1,-50,-90,-1.02093023200358
1,-50,-85,-0.27250701374284
1,-50,-80,0.36592911601733
1,-50,-75,0.900322556086014
1,-50,-70,1.33438480828136
1,-50,-65,1.67036974072856
1,-50,-60,1.9095933343678
1,-50,-55,2.0527801085934
1,-50,-50,2.10028408498979
1,-50,-45,2.05221180834938
1,-50,-40,1.90846171023948
1,-50,-35,1.66868423594723
1,-50,-30,1.3321582846503
1,-50,-25,0.89756963996636
1,-50,-20,0.362663814382222
1,-50,-15,-0.276274648177404
1,-50,-10,-1.02519878187552
1,-50,-5,-1.89347653318504
1,-50,0,-2.89573457615566
1,-50,5,-4.05488530212084
1,-50,10,-5.40741755854203
1,-50,15,-7.01342997396955
1,-50,20,-8.9778267590631
1,-50,25,-11.5023481520302
1,-50,30,-15.0462183390065
1,-50,35,-21.0831027938117
1,-50,40,-49.6915268863378
1,-50,45,-49.7160442636998
1,-50,50,-21.0481538901396
1,-50,55,-15.028374611912
1,-50,60,-11.4901025933621
1,-50,65,-8.96831717865478
1,-50,70,-7.00553576104626
1,-50,75,-5.40060346500474
1,-50,80,-4.04886965818304
1,-50,85,-2.8903638199564
1,-50,90,-1.88866852039232
1,-50,95,-1.02091361973568
1,-50,100,-0.272498078423003
1,-50,105,0.365930696539028
1,-50,110,0.900317174498349
1,-50,115,1.33437294520586
1,-50,120,1.67035196991408
1,-50,125,1.90957031878566
1,-50,130,2.05275258948823
1,-50,135,2.10025286538814
1,-50,140,2.0521777322151
1,-50,145,1.90842563826438
1,-50,150,1.66864701880194
1,-50,155,1.33212073434563
1,-50,160,0.897532499742493
1,-50,165,0.362627727194257
1,-50,170,-0.276309173074223
1,-50,175,-1.02523140570693
1,-50,180,-1.89350713104327
1,-45,-180,-2.89576329368938
1,-45,-175,-4.05491263954883
1,-45,-170,-5.40744451295218
1,-45,-165,-7.01345831475709
1,-45,-160,-8.9778596428444
1,-45,-155,-11.5023917653393
1,-45,-150,-15.0462876673886
1,-45,-145,-21.0832563027479
1,-45,-140,-49.6915268863378
1,-45,-135,-49.7160442636998
1,-45,-130,-21.0480711168854
1,-45,-125,-15.0283293830793
1,-45,-120,-11.4900702546718
1,-45,-115,-8.96829174854789
1,-45,-110,-7.00551500421616
1,-45,-105,-5.40058638091618
1,-45,-100,-4.0488557563361
1,-45,-95,-2.89035284375782
1,-45,-90,-1.8886603216026
1,-45,-85,-1.02090809406788
1,-45,-80,-0.272495129820137
1,-45,-75,0.365931176446342
1,-45,-70,0.900315317983038
1,-45,-65,1.33436891422533
1,-45,-60,1.67034595780513
1,-45,-55,1.90956254891091
1,-45,-50,2.05274331152214
1,-45,-45,2.1002423497461
1,-45,-40,2.05216626302501
1,-45,-35,1.90841350521277
1,-45,-30,1.66863450813228
1,-45,-25,1.33210811922806
1,-45,-20,0.897520030156289
1,-45,-15,0.362615619347494
1,-45,-10,-0.276320747952093
1,-45,-5,-1.02524233368858
1,-45,0,-1.89351737002377
1,-45,5,-2.89577289234215
1,-45,10,-4.05492176540135
1,-45,15,-5.40745349992927
1,-45,20,-7.01346775520607
1,-45,25,-8.977870592999
1,-45,30,-11.5024062942483
1,-45,35,-15.046310784848
1,-45,40,-21.0833075495795
1,-45,45,-49.6915268863378
1,-45,50,-49.7160442636998
1,-45,55,-21.0481538901396
1,-45,60,-15.028374611912
1,-45,65,-11.4901025933621
1,-45,70,-8.96831717865478
1,-45,75,-7.00553576104626
1,-45,80,-5.40060346500474
1,-45,85,-4.04886965818304
1,-45,90,-2.8903638199564
1,-45,95,-1.88866852039232
1,-45,100,-1.02091361973568
1,-45,105,-0.272498078423003
1,-45,110,0.365930696539028
1,-45,115,0.900317174498349
1,-45,120,1.33437294520586
1,-45,125,1.67035196991408
1,-45,130,1.90957031878566
1,-45,135,2.05275258948823
1,-45,140,2.10025286538814
1,-45,145,2.0521777322151
1,-45,150,1.90842563826438
1,-45,155,1.66864701880194
1,-45,160,1.33212073434563
1,-45,165,0.897532499742493
1,-45,170,0.362627727194257
1,-45,175,-0.276309173074223
1,-45,180,-1.02523140570693
1,-40,-180,-1.89350713104327
1,-40,-175,-2.89576329368938
1,-40,-170,-4.05491263954883
1,-40,-165,-5.40744451295218
1,-40,-160,-7.01345831475709
1,-40,-155,-8.9778596428444
1,-40,-150,-11.5023917653393
1,-40,-145,-15.0462876673886
1,-40,-140,-21.0832563027479
1,-40,-135,-49.6915268863378
1,-40,-130,-49.7160442636998
1,-40,-125,-21.0484014286526
1,-40,-120,-15.0285098050739
1,-40,-115,-11.4901992278796
1,-40,-110,-8.96839316001322
1,-40,-105,-7.00559778323125
1,-40,-100,-5.40065452614831
1,-40,-95,-4.04891122923933
1,-40,-90,-2.89039667092563
1,-40,-85,-1.88869309597073
1,-40,-80,-1.02093023200358
1,-40,-75,-0.27250701374284
1,-40,-70,0.36592911601733
1,-40,-65,0.900322556086014
1,-40,-60,1.33438480828136
1,-40,-55,1.67036974072856
1,-40,-50,1.9095933343678
1,-40,-45,2.0527801085934
1,-40,-40,2.10028408498979
1,-40,-35,2.05221180834938
1,-40,-30,1.90846171023948
1,-40,-25,1.66868423594723
1,-40,-20,1.3321582846503
1,-40,-15,0.89756963996636
1,-40,-10,0.362663814382222
1,-40,-5,-0.276274648177404
1,-40,0,-1.02519878187552
1,-40,5,-1.89347653318504
1,-40,10,-2.89573457615566
1,-40,15,-4.05488530212084
1,-40,20,-5.40741755854203
1,-40,25,-7.01342997396955
1,-40,30,-8.9778267590631
1,-40,35,-11.5023481520302
1,-40,40,-15.0462183390065
1,-40,45,-21.0831027938117
1,-40,50,-49.6915268863378
1,-40,55,-49.7160442636998
1,-40,60,-21.0488113991291
1,-40,65,-15.0287334907924
1,-40,70,-11.4903590205485
1,-40,75,-8.96851877156855
1,-40,80,-7.00570033046818
1,-40,85,-5.40073899427409
1,-40,90,-4.04898006793257
1,-40,95,-2.89045116418514
1,-40,100,-1.88873398485036
1,-40,105,-1.02095803403979
1,-40,110,-0.272522200223841
1,-40,115,0.365926017948399
1,-40,120,0.900330905588718
1,-40,125,1.33440382165993
1,-40,130,1.67039848241377
1,-40,135,1.90963072291071
1,-40,140,2.05282493427729
1,-40,145,2.1003350365861
1,-40,150,2.05226750706351
1,-40,155,1.90852074922656
1,-40,160,1.66874522404854
1,-40,165,1.3322198932913
1,-40,170,0.897630652541923
1,-40,175,0.362723178032418
1,-40,180,-0.276217767563356
1,-35,-180,-1.02514493898295
1,-35,-175,-1.89342593154737
1,-35,-170,-2.89568697426026
1,-35,-165,-4.0548398740986
1,-35,-160,-5.40737265810005
1,-35,-155,-7.01338267745217
1,-35,-150,-8.97777184551216
1,-35,-145,-11.5022753789603
1,-35,-140,-15.0461028761494
1,-35,-135,-21.082847720555
1,-35,-130,-49.6915268863378
1,-35,-125,-49.7160442636998
1,-35,-120,-21.0493799473819
1,-35,-115,-15.0290432433719
1,-35,-110,-11.4905800983487
1,-35,-105,-8.96869249752004
1,-35,-100,-7.00584218417908
1,-35,-95,-5.40085593015963
1,-35,-90,-4.0490755112053
1,-35,-85,-2.89052691360348
1,-35,-80,-1.88879107754827
1,-35,-75,-1.02099718913152
1,-35,-70,-0.272544065109974
1,-35,-65,0.36592072548997
1,-35,-60,0.900341316589908
1,-35,-55,1.33442887479923
1,-35,-50,1.67043691064996
1,-35,-45,1.90968106081336
1,-35,-40,2.05288554136882
1,-35,-35,2.10040413329232
1,-35,-30,2.05234322059427
1,-35,-25,1.90860116717471
1,-35,-20,1.66882845387238
1,-35,-15,1.33230412624784
1,-35,-10,0.897714231171367
1,-35,-5,0.362804667093681
1,-35,0,-0.276139505511375
1,-35,5,-1.02507065993383
1,-35,10,-1.8933559108421
1,-35,15,-2.89562087636479
1,-35,20,-4.05477655905911
1,-35,25,-5.40730985334948
1,-35,30,-7.01331634254695
1,-35,35,-8.97769475451267
1,-35,40,-11.5021733349845
1,-35,45,-15.0459414209187
1,-35,50,-21.0824922561401
1,-35,55,-49.6915268863378
1,-35,60,-49.7160442636998
1,-35,65,-21.050101749558
1,-35,70,-15.0294357234052
1,-35,75,-11.4908598869697
1,-35,80,-8.96891225574339
1,-35,85,-7.0060216699983
1,-35,90,-5.40100404150559
1,-35,95,-4.04919664372336
1,-35,100,-2.89062338141392
1,-35,105,-1.88886421324639
1,-35,110,-1.02104790801571
1,-35,115,-0.27257317866935
1,-35,120,0.365912328349832
1,-35,125,0.900352565945838
1,-35,130,1.33445846622655
1,-35,135,1.67048328680435
1,-35,140,1.90974241908333
1,-35,145,2.05295986168692
1,-35,150,2.10048922183083
1,-35,155,2.05243676599915
1,-35,160,1.90870080658834
1,-35,165,1.66893184647629
1,-35,170,1.332409032568
1,-35,175,0.897818597063397
1,-35,180,0.362906712338585
1,-30,-180,-0.276041192429681
1,-30,-175,-1.02497701647369
1,-30,-170,-1.89326727490433
1,-30,-165,-2.8955368209529
1,-30,-160,-4.05469564597683
1,-30,-155,-5.40722921516906
1,-30,-150,-7.01323087344909
1,-30,-145,-8.97759530521233
1,-30,-140,-11.5020418942985
1,-30,-135,-15.045734202491
1,-30,-130,-21.0820380637832
1,-30,-125,-49.6915268863378
1,-30,-120,-49.7160442636998
1,-30,-115,-21.0509700824116
1,-30,-110,-15.0299067327309
1,-30,-105,-11.4911951572915
1,-30,-100,-8.96917543656811
1,-30,-95,-7.00623668845944
1,-30,-90,-5.40118170489186
1,-30,-85,-4.04934231049873
1,-30,-80,-2.89073988106113
1,-30,-75,-1.88895317264268
1,-30,-70,-1.0211104317704
1,-30,-65,-0.272610227431365
1,-30,-60,0.365899718630456
1,-30,-55,0.900363157881764
1,-30,-50,1.33449075482146
1,-30,-45,1.67053547512959
1,-30,-40,1.90981242501231
1,-30,-35,2.05304534862785
1,-30,-30,2.10058764838577
1,-30,-25,2.05254545060442
1,-30,-20,1.90881700391578
1,-30,-15,1.66905283295705
1,-30,-10,1.33253219901568
1,-30,-5,0.89794154718372
1,-30,0,0.363027367127942
1,-30,5,-0.275924482425317
1,-30,10,-1.02486534567128
1,-30,15,-1.89316103237472
1,-30,20,-2.89543549149264
1,-30,25,-4.05459751292722
1,-30,30,-5.40713085547103
1,-30,35,-7.01312618024282
1,-30,40,-8.97747330835468
1,-30,45,-11.5018809449146
1,-30,50,-15.0454815659058
1,-30,55,-21.0814873161081
1,-30,60,-49.6915268863378
1,-30,65,-49.7160442636998
1,-30,70,-21.0519769112249
1,-30,75,-15.0304512828455
1,-30,80,-11.4915820831379
1,-30,85,-8.96947895093177
1,-30,90,-7.00648475311347
1,-30,95,-5.40138699309067
1,-30,100,-4.04951113266488
1,-30,105,-2.89087558089942
1,-30,110,-1.88905766930598
1,-30,115,-1.02118501087279
1,-30,120,-0.272655981324417
1,-30,125,0.365881634903719
1,-30,130,0.900371378256525
1,-30,135,1.334523622957
1,-30,140,1.67059101321566
1,-30,145,1.90988833816449
1,-30,150,2.05313905676069
1,-30,155,2.10069633977879
1,-30,160,2.05266615269748
1,-30,165,1.90894666772076
1,-30,170,1.66918842815174
1,-30,175,1.33267081749995
1,-30,180,0.898080513815201
1,-25,-180,0.363164357758088
1,-25,-175,-0.275791313215783
1,-25,-170,-1.0247372208034
1,-25,-165,-1.89303837891124
1,-25,-160,-2.89531770994956
1,-25,-155,-4.05448263148305
1,-25,-150,-5.40701494165379
1,-25,-145,-7.01300220215036
1,-25,-140,-8.97732859655288
1,-25,-135,-11.5016904234301
1,-25,-130,-15.0451840070628
1,-25,-125,-21.0808427180374
1,-25,-120,-49.6915268863378
1,-25,-115,-49.7160442636998
1,-25,-110,-21.0531129936327
1,-25,-105,-15.0310636751648
1,-25,-100,-11.4920163088731
1,-25,-95,-8.969819286698
1,-25,-90,-7.00676303512631
1,-25,-85,-5.4016177070834
1,-25,-80,-4.04970152607996
1,-25,-75,-2.89102950876765
1,-25,-70,-1.8891773399188
1,-25,-65,-1.02127188116727
1,-25,-60,-0.272711255807749
1,-25,-55,0.365856713095356
1,-25,-50,0.900375357277108
1,-25,-45,1.33455474952363
1,-25,-40,1.67064719350896
1,-25,-35,1.90996713833621
1,-25,-30,2.05323773399316
1,-25,-25,2.10081189749283
1,-25,-20,2.05279541501817
1,-25,-15,1.90908636928068
1,-25,-10,1.66933531608433
1,-25,-5,1.33282176328249
1,-25,0,0.898232633674503
1,-25,5,0.363315141929388
1,-25,10,-0.275643859522102
1,-25,15,-1.02459441743725
1,-25,20,-1.89290067637087
1,-25,25,-2.89518442903757
1,-25,30,-4.05435157154595
1,-25,35,-5.40688171305175
1,-25,40,-7.01285893412775
1,-25,45,-8.97716105895678
1,-25,50,-11.5014703547867
1,-25,55,-15.0448422125109
1,-25,60,-21.0801075318218
1,-25,65,-49.6915268863378
1,-25,70,-49.7160442636998
1,-25,75,-21.054367997311
1,-25,80,-15.0317375912664
1,-25,85,-11.4924930251758
1,-25,90,-8.97019257172864
1,-25,95,-7.00706841324888
1,-25,100,-5.40187141201987
1,-25,105,-4.04991172237822
1,-25,110,-2.89120055746518
1,-25,115,-1.8893117338502
1,-25,120,-1.02137123760298
1,-25,125,-0.272776870261818
1,-25,130,0.365823542533316
1,-25,135,0.900373138673522
1,-25,140,1.33458169054799
1,-25,145,1.6707011533682
1,-25,150,1.91004562277645
1,-25,155,2.0533379234843
1,-25,160,2.10093070167986
1,-25,165,2.05292954821677
1,-25,170,1.90923244288274
1,-25,175,1.66948994460038
1,-25,180,1.33298168164035
1,-20,-180,0.898394824552959
1,-20,-175,0.36347697364067
1,-20,-170,-0.275484481264444
1,-20,-165,-1.02443887563257
1,-20,-160,-1.89274942947284
1,-20,-155,-2.89503672330836
1,-20,-150,-4.05420500631817
1,-20,-145,-5.40673149871501
1,-20,-140,-7.0126964558077
1,-20,-135,-8.97697067903126
1,-20,-130,-11.5012208955193
1,-20,-125,-15.0444571023875
1,-20,-120,-21.0792856026029
1,-20,-115,-49.6915268863378
1,-20,-110,-49.7160442636998
1,-20,-105,-21.0557306292428
1,-20,-100,-15.0324661910273
1,-20,-95,-11.4930070511387
1,-20,-90,-8.97059464213838
1,-20,-85,-7.00739752792468
1,-20,-80,-5.40214547627108
1,-20,-75,-4.05013979204265
1,-20,-70,-2.89138749115158
1,-20,-65,-1.88946030254394
1,-20,-60,-1.02148320668882
1,-20,-55,-0.272853604032762
1,-20,-50,0.365780725343335
1,-20,-45,0.900362753135679
1,-20,-40,1.33460196487752
1,-20,-35,1.67074997085918
1,-20,-30,1.91012050966982
1,-20,-25,2.05343607218211
1,-20,-20,2.10104902198499
1,-20,-15,2.05306474114573
1,-20,-10,1.90938109279908
1,-20,-5,1.66964862636057
1,-20,0,1.33314708041386
1,-20,5,0.898563867232659
1,-20,10,0.363646972633227
1,-20,15,-0.275315668023999
1,-20,20,-1.02427265928793
1,-20,25,-1.89258626051316
1,-20,30,-2.89487577919503
1,-20,35,-4.05404371708991
1,-20,40,-5.40656473578412
1,-20,45,-7.01251496168566
1,-20,50,-8.97675757402853
1,-20,55,-11.5009423788351
1,-20,60,-15.0440298747063
1,-20,65,-21.0783813827556
1,-20,70,-49.6915268863378
1,-20,75,-49.7160442636998
1,-20,80,-21.057188774078
1,-20,85,-15.0332422164113
1,-20,90,-11.4935529207008
1,-20,95,-8.97102111404736
1,-20,100,-7.00774683821331
1,-20,105,-5.40243711266319
1,-20,110,-4.05038366903835
1,-20,115,-2.89158895268872
1,-20,120,-1.8896223892335
1,-20,125,-1.0216078186703
1,-20,130,-0.272942151615095
1,-20,135,0.365726937258523
1,-20,140,0.900342293671698
1,-20,145,1.33461314223889
1,-20,150,1.67079076330872
1,-20,155,1.91018854468963
1,-20,160,2.0535286426598
1,-20,165,2.10116313181166
1,-20,170,2.05319717464667
1,-20,175,1.90952850372338
1,-20,180,1.66980764317687
1,-15,-180,1.33331442569941
1,-15,-175,0.89873649027847
1,-15,-170,0.363822196382077
1,-15,-165,-0.275139981333754
1,-15,-160,-1.02409791372422
1,-15,-155,-1.89241288274007
1,-15,-150,-2.89470288413628
1,-15,-145,-4.05386859750151
1,-15,-140,-5.4063819876818
1,-15,-135,-7.01231479137994
1,-15,-130,-8.97652203465412
1,-15,-125,-11.5006353597678
1,-15,-120,-15.0435620490851
1,-15,-115,-21.0773999531669
1,-15,-110,-49.6915268863378
1,-15,-105,-49.7160442636998
1,-15,-100,-21.0587296389795
1,-15,-95,-15.0340580985643
1,-15,-90,-11.4941249713393
1,-15,-85,-8.97146745707721
1,-15,-80,-7.00811268014871
1,-15,-75,-5.40274342094012
1,-15,-70,-4.05064117652186
1,-15,-65,-2.89180347193603
1,-15,-60,-1.88979721950555
1,-15,-55,-1.02174498045962
1,-15,-50,-0.273043078497019
1,-15,-45,0.365660987854037
1,-15,-40,0.90030999047882
1,-15,-35,1.33461293089678
1,-15,-30,1.6708207855481
1,-15,-25,1.9102466073306
1,-15,-20,2.05361222482281
1,-15,-15,2.10126942254903
1,-15,-10,2.05332313539065
1,-15,-5,1.90967095135058
1,-15,0,1.66996335058029
1,-15,5,1.33348023785966
1,-15,10,0.898909455230266
1,-15,15,0.363999712566618
1,-15,20,-0.274959996413509
1,-15,25,-1.0239168226377
1,-15,30,-1.89223107302465
1,-15,35,-2.89451941491753
1,-15,40,-4.053680656934
1,-15,45,-5.40618396132515
1,-15,50,-7.01209645876544
1,-15,55,-8.97626456338494
1,-15,60,-11.5003006586042
1,-15,65,-15.0430555079615
1,-15,70,-21.0763470395868
1,-15,75,-49.6915268863378
1,-15,80,-49.7160442636998
1,-15,85,-21.0603399022769
1,-15,90,-15.034906065838
1,-15,95,-11.4947174329246
1,-15,100,-8.97192906781833
1,-15,105,-7.00849132514027
1,-15,110,-5.40306143049078
1,-15,115,-4.05091005312988
1,-15,120,-2.89202947500003
1,-15,125,-1.88998389322371
1,-15,130,-1.02189445034165
1,-15,135,-0.273156779187324
1,-15,140,0.365581878222825
1,-15,145,0.900264282921997
1,-15,150,1.33459926214363
1,-15,155,1.67083752477936
1,-15,160,1.91029181373341
1,-15,165,2.0536836440603
1,-15,170,2.10136451428354
1,-15,175,2.05343912632996
1,-15,180,1.90980490978151
1,-10,-180,1.67011227950773
1,-10,-175,1.33364118502105
1,-10,-170,0.899079639715654
1,-10,-165,0.364176669948887
1,-10,-160,-0.274778244968567
1,-10,-155,-1.02373156555997
1,-10,-150,-1.89204264446558
1,-10,-145,-2.89432682537068
1,-10,-140,-4.05348102268933
1,-10,-135,-5.40597152256973
1,-10,-130,-7.01186067879049
1,-10,-125,-8.97598590991083
1,-10,-120,-11.4999394007976
1,-10,-115,-15.042512533368
1,-10,-110,-21.0752290222359
1,-10,-105,-49.6915268863378
1,-10,-100,-49.7160442636998
1,-10,-95,-21.0620058632537
1,-10,-90,-15.0357782503948
1,-10,-85,-11.4953245146729
1,-10,-80,-8.97240134152609
1,-10,-75,-7.00887903704625
1,-10,-70,-5.40338814238807
1,-10,-65,-4.05118797935469
1,-10,-60,-2.89226529442857
1,-10,-55,-1.8901813783006
1,-10,-50,-1.02205581544009
1,-10,-45,-0.27328343888836
1,-10,-40,0.365488854176808
1,-10,-35,0.900203886294594
1,-10,-30,1.33457036894093
1,-10,-25,1.67083878909583
1,-10,-20,1.91032161281718
1,-10,-15,2.05374006252182
1,-10,-10,2.10144535962381
1,-10,-5,2.05354197042492
1,-10,0,1.90992715253402
1,-10,5,1.67025123208847
1,-10,10,1.33379417131245
1,-10,15,0.899244116075844
1,-10,20,0.364350365646146
1,-10,25,-0.274597160628962
1,-10,30,-1.02354427693497
1,-10,35,-1.89184941955742
1,-10,40,-2.89412663357968
1,-10,45,-4.05327094064111
1,-10,50,-5.40574570913177
1,-10,55,-7.01160839083546
1,-10,60,-8.97568710223091
1,-10,65,-11.4995530516555
1,-10,70,-15.0419358374255
1,-10,75,-21.074052936963
1,-10,80,-49.6915268863378
1,-10,85,-49.7160442636998
1,-10,90,-21.063713590459
1,-10,95,-15.0366667911393
1,-10,100,-11.4959404882286
1,-10,105,-8.97287974038594
1,-10,110,-7.00927212661187
1,-10,115,-5.40372056982999
1,-10,120,-4.0514726035246
1,-10,125,-2.8925091803251
1,-10,130,-1.89038850676167
1,-10,135,-1.02222847285486
1,-10,140,-0.273423000179276
1,-10,145,0.3653814531829
1,-10,150,0.900127851186832
1,-10,155,1.33452485620344
1,-10,160,1.67082278687578
1,-10,165,1.91033387273579
1,-10,170,2.05377907040692
1,-10,175,2.10150933747782
1,-10,180,2.05362890451515
1,-5,-180,1.9100348441399
1,-5,-175,1.67037736869485
1,-5,-170,1.33393641726435
1,-5,-165,0.89940022324059
1,-5,-160,0.364518306901722
1,-5,-155,-0.274419028515292
1,-5,-150,-1.02335700786218
1,-5,-145,-1.89165320451985
1,-5,-140,-2.89392040873996
1,-5,-135,-4.05305177406803
1,-5,-130,-5.40550774029481
1,-5,-125,-7.01134077755608
1,-5,-120,-8.97536947204625
1,-5,-115,-11.4991434442175
1,-5,-110,-15.0413285848623
1,-5,-105,-21.0728264664273
1,-5,-100,-49.6915268863378
1,-5,-95,-49.7160442636998
1,-5,-90,-21.0654490660681
1,-5,-85,-15.0375639308779
1,-5,-80,-11.4965597650493
1,-5,-75,-8.97335985681239
1,-5,-70,-7.00966700206325
1,-5,-65,-5.40405577613527
1,-5,-60,-4.05176156693737
1,-5,-55,-2.89275931234457
1,-5,-50,-1.89060397348795
1,-5,-45,-1.02241161528155
1,-5,-40,-0.273575135932121
1,-5,-35,0.365259543426976
1,-5,-30,0.900035613504294
1,-5,-25,1.33446176046609
1,-5,-20,1.67078819454147
1,-5,-15,1.91032695496481
1,-5,-10,2.05379876445784
1,-5,-5,2.10155433392592
1,-5,0,2.05369766050558
1,-5,5,1.91012561959535
1,-5,10,1.67048828369061
1,-5,15,1.33406553003071
1,-5,20,0.899545629799063
1,-5,25,0.364678265633434
1,-5,30,-0.274245940284411
1,-5,35,-1.0231716914657
1,-5,40,-1.89145576534222
1,-5,45,-2.89370975781864
1,-5,50,-4.0528250004252
1,-5,55,-5.40525902278997
1,-5,60,-7.01105927827621
1,-5,65,-8.97503467324319
1,-5,70,-11.4987127989231
1,-5,75,-15.0406944060733
1,-5,80,-21.0715579200116
1,-5,85,-49.6915268863378
1,-5,90,-49.7160442636998
1,-5,95,-21.0671983240056
1,-5,100,-15.0384621058193
1,-5,105,-11.4971769664705
1,-5,110,-8.97383747041853
1,-5,115,-7.01006021478172
1,-5,120,-5.40439090953535
1,-5,125,-4.0520525277303
1,-5,130,-2.89301381251644
1,-5,135,-1.89082633795277
1,-5,140,-1.02260422179701
1,-5,145,-0.273739229500157
1,-5,150,0.36512335362995
1,-5,155,0.899927033457823
1,-5,160,1.33438059699138
1,-5,165,1.67073421052608
1,-5,170,1.91029977370032
1,-5,175,2.05379781123259
1,-5,180,2.10157880772606
1,0,-180,2.05374653142383
1,0,-175,1.91019764930436
1,0,-170,1.6705820676575
1,0,-165,1.3341795614097
1,0,-160,0.89967838648672
1,0,-155,0.36482832426352
1,0,-150,-0.274079755834336
1,0,-145,-1.02299011273122
1,0,-140,-1.8912588060354
1,0,-135,-2.8934963121604
1,0,-130,-4.05259220586049
1,0,-125,-5.40500115234388
1,0,-120,-7.01076559614755
1,0,-115,-8.97468469245673
1,0,-110,-11.4982637338978
1,0,-105,-15.0400373994926
1,0,-100,-21.0702562014612
1,0,-95,-49.6915268863378
1,0,-90,-49.7160442636998
1,0,-85,-21.0689475797976
1,0,-80,-15.039354025791
1,0,-75,-11.4977869850649
1,0,-70,-8.97430859749979
1,0,-65,-7.0104484991448
1,0,-60,-5.40472323411337
1,0,-55,-4.05234318312058
1,0,-50,-2.893270758824
1,0,-45,-1.89105402918441
1,0,-40,-1.02280505434422
1,0,-35,-0.273914363005121
1,0,-30,0.364973492516035
1,0,-25,0.899802422176305
1,0,-20,1.33428139275264
1,0,-15,1.67066059370594
1,0,-10,1.91025183869333
1,0,-5,2.05377549319709
1,0,0,2.10158183845289
1,0,5,2.05377442036564
1,0,10,1.9102496875956
1,0,15,1.67065735429314
1,0,20,1.3342770520129
1,0,25,0.899796966633285
1,0,30,0.364966911603851
1,0,35,-0.273922072640504
1,0,40,-1.02281388350989
1,0,45,-1.89106394951056
1,0,50,-2.89328171417676
1,0,55,-4.05235507734393
1,0,60,-5.40473591051182
1,0,65,-7.01046169847189
1,0,70,-8.97432185093142
1,0,75,-11.497799264956
1,0,80,-15.039362122357
1,0,85,-21.0689307635727
1,0,90,-49.6915268863378
1,0,95,-49.7160442636998
1,0,100,-21.0706833504077
1,0,105,-15.0402327438513
1,0,110,-11.4983850361951
1,0,115,-8.97476953211671
1,0,120,-7.01082880580855
1,0,125,-5.40505015636603
1,0,130,-4.05263128970562
1,0,135,-2.89352819945335
1,0,140,-1.89128535409513
1,0,145,-1.02301266028314
1,0,150,-0.274099314307142
1,0,155,0.364810957143534
1,0,160,0.899662554965565
1,0,165,1.33416470415424
1,0,170,1.67056768502581
1,0,175,1.91018328014603
1,0,180,2.05373173619523
1,5,-180,2.10156315580046
1,5,-175,2.05378087086507
1,5,-170,1.91028110339427
1,5,-165,1.67071335064073
1,5,-160,1.33435706035549
1,5,-155,0.899900293485416
1,5,-150,0.365092827875782
1,5,-145,-0.273774203459053
1,5,-140,-1.02264442322883
1,5,-135,-1.8908727214184
1,5,-130,-2.89306760424969
1,5,-125,-4.05211539234445
1,5,-120,-5.40446525654954
1,5,-115,-7.01014980978356
1,5,-110,-8.97394879715437
1,5,-105,-11.4973227947209
1,5,-100,-15.0386735692709
1,5,-95,-21.0675915496179
1,5,-90,-49.6915268863378
1,5,-85,-49.7160442636998
1,5,-80,-21.0723925626528
1,5,-75,-15.0410917143167
1,5,-70,-11.4989666989645
1,5,-65,-8.97521687812375
1,5,-60,-7.01119832791169
1,5,-55,-5.40536924700404
1,5,-50,-4.05291468157841
1,5,-45,-2.89378416760951
1,5,-40,-1.89151850921973
1,5,-35,-1.02322538119289
1,5,-30,-0.274292562982745
1,5,-25,0.364637129643066
1,5,-20,0.899508670640082
1,5,-15,1.33403161881102
1,5,-10,1.67045641155291
1,5,-5,1.91009485483867
1,5,0,2.05366711742074
1,5,5,2.10152314914896
1,5,10,2.05376607779012
1,5,15,1.91029189217187
1,5,20,1.67074984981824
1,5,25,1.33441917609937
1,5,30,0.899987753718392
1,5,35,0.365205258276006
1,5,40,-0.273637162877578
1,5,45,-1.02248294566964
1,5,50,-1.89068653719171
1,5,55,-2.89285560797067
1,5,60,-4.05187500606009
1,5,65,-5.40419131422502
1,5,70,-7.00983239750448
1,5,75,-8.97356849000852
1,5,80,-11.4968380905859
1,5,85,-15.037977138349
1,5,90,-21.066248921571
1,5,95,-49.6915268863378
1,5,100,-49.7160442636998
1,5,105,-21.0740626491505
1,5,110,-15.0419248385806
1,5,115,-11.4995279461024
1,5,120,-8.97564757177319
1,5,125,-7.01155451990161
1,5,130,-5.40567825775493
1,5,135,-4.05319128608203
1,5,140,-2.89403669678318
1,5,145,-1.89175159580345
1,5,150,-1.02344136792359
1,5,155,-0.274492305362699
1,5,160,0.364453762258873
1,5,165,0.899342456775428
1,5,170,1.33388374119245
1,5,175,1.67032827272818
1,5,180,1.90998793322529
1,10,-180,2.05358285360559
1,10,-175,2.1014628570949
1,10,-170,2.05373087845532
1,10,-165,1.91028266886555
1,10,-160,1.67076722594601
1,10,-155,1.33446351716287
1,10,-150,0.90005919687085
1,10,-145,0.365303774848529
1,10,-140,-0.273511662922125
1,10,-135,-1.02233045199248
1,10,-130,-1.89050669243221
1,10,-125,-2.89264732382428
1,10,-120,-4.05163583628005
1,10,-115,-5.40391635362347
1,10,-110,-7.00951215020881
1,10,-105,-8.97318417248265
1,10,-100,-11.4963492515781
1,10,-95,-15.0372785850828
1,10,-90,-21.0649135755981
1,10,-85,-49.6915268863378
1,10,-80,-49.7160442636998
1,10,-75,-21.0756816311368
1,10,-70,-15.042726498478
1,10,-65,-11.5000651626568
1,10,-60,-8.97605889481007
1,10,-55,-7.01189510890864
1,10,-50,-5.40597513308483
1,10,-45,-4.0534591370999
1,10,-40,-2.89428383633806
1,10,-35,-1.89198263808059
1,10,-30,-1.02365860170612
1,10,-25,-0.274696478407793
1,10,-20,0.364262950944196
1,10,-15,0.899166021156764
1,10,-10,1.33372316242634
1,10,-5,1.67018530912286
1,10,0,1.90986446781332
1,10,5,2.05348076974005
1,10,10,2.10138393725206
1,10,15,2.05367672424336
1,10,20,1.91025464203631
1,10,25,1.67076641151235
1,10,30,1.33449071090019
1,10,35,0.900114920864355
1,10,40,0.36538832677782
1,10,45,-0.273398117655973
1,10,50,-1.02218772999309
1,10,55,-1.89033435668513
1,10,60,-2.8924443114131
1,10,65,-4.05139984603039
1,10,70,-5.40364276815203
1,10,75,-7.00919194876063
1,10,80,-8.97279933626207
1,10,85,-11.4958606645247
1,10,90,-15.0365839644535
1,10,95,-21.0635964456594
1,10,100,-49.6915268863378
1,10,105,-49.7160442636998
1,10,110,-21.0772381878735
1,10,115,-15.0434915773189
1,10,120,-11.5005751537023
1,10,125,-8.97644847826088
1,10,130,-7.01221809881758
1,10,135,-5.4062580169084
1,10,140,-4.05371638585184
1,10,145,-2.89452366727772
1,10,150,-1.89220960448422
1,10,155,-1.02387492094257
1,10,160,-0.274902791930466
1,10,165,0.364067098110067
1,10,170,0.898981850118738
1,10,175,1.33355241503842
1,10,180,1.67003005454121
1,15,-180,1.90972694371136
1,15,-175,2.05336324923057
1,15,-170,2.10128861722913
1,15,-165,2.05360563361859
1,15,-160,1.9102095701039
1,15,-155,1.67074885794864
1,15,-150,1.33450186003644
1,15,-145,0.900155644190305
1,15,-140,0.36545921956888
1,15,-135,-0.273296656433352
1,15,-130,-1.02205535939255
1,15,-125,-1.89017057054139
1,15,-120,-2.89224808030637
1,15,-115,-4.0511690242245
1,15,-110,-5.40337304709975
1,15,-105,-7.00887483080682
1,15,-100,-8.97241767780534
1,15,-95,-11.4953769502531
1,15,-90,-15.0358995621782
1,15,-85,-21.0623085964451
1,15,-80,-49.6915268863378
1,15,-75,-49.7160442636998
1,15,-70,-21.0787217127498
1,15,-65,-15.0442154690768
1,15,-60,-11.5010551416003
1,15,-55,-8.97681429739473
1,15,-50,-7.01252176740376
1,15,-45,-5.40652525450381
1,15,-40,-4.05396130923694
1,15,-35,-2.8947543180404
1,15,-30,-1.89243043143619
1,15,-25,-1.02408805312481
1,15,-20,-0.275108768413466
1,15,-15,0.363868865458945
1,15,-10,0.898792754872611
1,15,-5,1.33337441386398
1,15,0,1.66986547281577
1,15,5,1.90957831277104
1,15,10,2.05323316696544
1,15,15,2.10117962826135
1,15,20,2.05352012798025
1,15,25,1.91014970103959
1,15,30,1.67071648069404
1,15,35,1.33449849450513
1,15,40,0.900182465749915
1,15,45,0.36551708391409
1,15,50,-0.273207145211582
1,15,55,-1.02193372277988
1,15,60,-1.89001624591089
1,15,65,-2.89206007957944
1,15,70,-4.0509453646055
1,15,75,-5.4031097442489
1,15,80,-7.00856394931735
1,15,85,-8.97204304677849
1,15,90,-11.4949029008656
1,15,95,-15.03523181632
1,15,100,-21.0610611072154
1,15,105,-49.6915268863378
1,15,110,-49.7160442636998
1,15,115,-21.0801223565404
1,15,120,-15.0448940765588
1,15,125,-11.5015027536487
1,15,130,-8.9771546585936
1,15,135,-7.01280465710135
1,15,140,-5.40677538998734
1,15,145,-4.05419231583218
1,15,150,-2.89497398016528
1,15,155,-1.89264304928157
1,15,160,-1.0242956511666
1,15,165,-0.275311789441672
1,15,170,0.363671118140151
1,15,175,0.898601807284548
1,15,180,1.33319238478976
1,20,-180,1.6696948811098
1,20,-175,1.90942191324855
1,20,-170,2.05309380727815
1,20,-165,2.10106012350029
1,20,-160,2.05342315232298
1,20,-155,1.91007769739914
1,20,-150,1.6706715904989
1,20,-145,1.33448251076104
1,20,-140,0.900196813704783
1,20,-135,0.365562835356988
1,20,-130,-0.273129215084171
1,20,-125,-1.02182302166055
1,20,-120,-1.88987216921919
1,20,-115,-2.89188168809736
1,20,-110,-4.05073084332507
1,20,-105,-5.40285544316024
1,20,-100,-7.00826252605221
1,20,-95,-8.97167938796088
1,20,-90,-11.4944434094169
1,20,-85,-15.0345872307995
1,20,-80,-21.0598649484242
1,20,-75,-49.6915268863378
1,20,-70,-49.7160442636998
1,20,-65,-21.0814310586182
1,20,-60,-15.0455237996863
1,20,-55,-11.501916001231
1,20,-50,-8.97746817909792
1,20,-45,-7.01306556015311
1,20,-40,-5.40700715982552
1,20,-35,-4.05440794971741
1,20,-30,-2.89518092366577
1,20,-25,-1.89284540985924
1,20,-20,-1.02449533329456
1,20,-15,-0.275509147555708
1,20,-10,0.363476861733083
1,20,-5,0.898412266894547
1,20,0,1.33300978335868
1,20,5,1.66952186195396
1,20,10,1.90926137735415
1,20,15,2.05294876925823
1,20,20,2.10093358343233
1,20,25,2.05331798313388
1,20,30,1.90999654902191
1,20,35,1.67061681313203
1,20,40,1.33445610051784
1,20,45,0.900200385025053
1,20,50,0.365597626138078
1,20,55,-0.273062296984155
1,20,60,-1.02172329691453
1,20,65,-1.88973900719812
1,20,70,-2.89171420557877
1,20,75,-4.0505273955546
1,20,80,-5.40261271986563
1,20,85,-7.00797380100063
1,20,90,-8.97133067794609
1,20,95,-11.4940033935652
1,20,100,-15.0339722826194
1,20,105,-21.0587308532692
1,20,110,-49.6915268863378
1,20,115,-49.7160442636998
1,20,120,-21.0826395672121
1,20,125,-15.0461015152831
1,20,130,-11.5022932518088
1,20,135,-8.97775376079166
1,20,140,-7.01330349904454
1,20,145,-5.40721948297049
1,20,150,-4.05460689234973
1,20,155,-2.89537351194589
1,20,160,-1.8930355151398
1,20,165,-1.02468472552525
1,20,170,-0.275698102163125
1,20,175,0.363289173789117
1,20,180,0.898227501237324
1,25,-180,1.33283020558237
1,25,-175,1.66935016659031
1,25,-170,1.90910052942779
1,25,-165,2.05280186224562
1,25,-160,2.10080371128784
1,25,-155,2.05320812634206
1,25,-150,1.90990947609526
1,25,-145,1.67055500000592
1,25,-140,1.33442167117829
1,25,-135,0.90019507770081
1,25,-130,0.365622790838707
1,25,-125,-0.273005661325118
1,25,-120,-1.02163445284141
1,25,-115,-1.88961731486939
1,25,-110,-2.89155884446346
1,25,-105,-4.05033689156112
1,25,-100,-5.40238410379208
1,25,-95,-7.00770097897228
1,25,-90,-8.97100085813673
1,25,-85,-11.4935877149734
1,25,-80,-15.0333933248275
1,25,-75,-21.0576691865214
1,25,-70,-49.6915268863378
1,25,-65,-49.7160442636998
1,25,-60,-21.0837404500443
1,25,-55,-15.0466245499764
1,25,-50,-11.5026331952875
1,25,-45,-8.97801055934664
1,25,-40,-7.01351770324937
1,25,-35,-5.40741144828765
1,25,-30,-4.05478796275584
1,25,-25,-2.89555021609428
1,25,-20,-1.89321144631843
1,25,-15,-1.02486150566638
1,25,-10,-0.27587593801023
1,25,-5,0.36311113183727
1,25,0,0.89805090173765
1,25,5,1.3326572935497
1,25,10,1.66918361246623
1,25,15,1.90894327776824
1,25,20,2.05265699464495
1,25,25,2.10067432160831
1,25,30,2.0530972084386
1,25,35,1.90981982557439
1,25,40,1.67048913250713
1,25,45,1.33438176047201
1,25,50,0.900182917798557
1,25,55,0.365639787621885
1,25,60,-0.272958461206206
1,25,65,-1.02155628387015
1,25,70,-1.88950754526476
1,25,75,-2.89141672259246
1,25,80,-4.0501611127125
1,25,85,-5.40217203780607
1,25,90,-7.00744717462224
1,25,95,-8.97069376566036
1,25,100,-11.4932010963872
1,25,105,-15.0328564874114
1,25,110,-21.0566898131356
1,25,115,-49.6915268863378
1,25,120,-49.7160442636998
1,25,125,-21.084727096869
1,25,130,-15.0470906479739
1,25,135,-11.5029348064171
1,25,140,-8.97823795015908
1,25,145,-7.01370758340043
1,25,150,-5.40758230000808
1,25,155,-4.05495011634275
1,25,160,-2.89570962839377
1,25,165,-1.89337139272085
1,25,170,-1.02502344772153
1,25,175,-0.276040024627809
1,25,180,0.362945739875824
1,30,-180,0.89788579759575
1,30,-175,1.3324946385851
1,30,-170,1.66902597790424
1,30,-165,1.90879350333996
1,30,-160,2.05251805940224
1,30,-155,2.10054922534775
1,30,-150,2.05298886409193
1,30,-145,1.90973096414739
1,30,-140,1.67042222300711
1,30,-135,1.33433894798725
1,30,-130,0.900165983695651
1,30,-125,0.365650136993608
1,30,-120,-0.272919777707435
1,30,-115,-1.0214885029396
1,30,-110,-1.88941006038376
1,30,-105,-2.89128885669729
1,30,-100,-4.05000172788834
1,30,-95,-5.4019788383119
1,30,-90,-7.00721535725665
1,30,-85,-8.97041306391918
1,30,-80,-11.4928480384134
1,30,-75,-15.0323675784146
1,30,-70,-21.0558019692245
1,30,-65,-49.6915268863378
1,30,-60,-49.7160442636998
1,30,-55,-21.0855937155632
1,30,-50,-15.047497935574
1,30,-45,-11.5031973049714
1,30,-40,-8.97843549257484
1,30,-35,-7.01387270405171
1,30,-30,-5.40773142197315
1,30,-25,-4.05509244264952
1,30,-20,-2.89585047489066
1,30,-15,-1.89351367987079
1,30,-10,-1.02516846554952
1,30,-5,-0.276187875122392
1,30,0,0.362795855429826
1,30,5,0.897735370148863
1,30,10,1.3323456847924
1,30,15,1.66888089706584
1,30,20,1.90865494868172
1,30,25,2.05238881959082
1,30,30,2.10043211499147
1,30,35,2.05288662369013
1,30,40,1.90964617103841
1,30,45,1.67035721562478
1,30,50,1.33429576637141
1,30,55,0.900146329903427
1,30,60,0.36565536007565
1,30,65,-0.27288866574928
1,30,70,-1.02143077051776
1,30,75,-1.88932514286634
1,30,80,-2.89117615668529
1,30,85,-4.04986027077963
1,30,90,-5.40180665635071
1,30,95,-7.00700829679123
1,30,100,-8.97016217452013
1,30,105,-11.492532738064
1,30,110,-15.0319319876063
1,30,115,-21.0550141380015
1,30,120,-49.6915268863378
1,30,125,-49.7160442636998
1,30,130,-21.0863353234793
1,30,135,-15.0478448842963
1,30,140,-11.5034201154651
1,30,145,-8.97860289391581
1,30,150,-7.01401275620928
1,30,155,-5.40785832145094
1,30,160,-4.0552141623707
1,30,165,-2.8959716268746
1,30,170,-1.89363679607459
1,30,175,-1.02529465463809
1,30,180,-0.276317202688848
1,35,-180,0.362664119249693
1,35,-175,0.897602570192328
1,35,-170,1.33221363581869
1,35,-165,1.66875175832657
1,35,-160,1.90853111034054
1,35,-155,2.05227279755377
1,35,-150,2.10032645317629
1,35,-145,2.05279380424286
1,35,-140,1.90956853394437
1,35,-135,1.67029688981651
1,35,-130,1.33425461497957
1,35,-125,0.900125912894427
1,35,-120,0.365656918385235
1,35,-115,-0.272864198983866
1,35,-110,-1.02138272322111
1,35,-105,-1.88925300785
1,35,-100,-2.89107942069946
1,35,-95,-4.04973811854833
1,35,-90,-5.40165744063886
1,35,-85,-7.00682851222452
1,35,-80,-8.96994421231681
1,35,-75,-11.4922590111082
1,35,-70,-15.0315545950059
1,35,-65,-21.05433393324
1,35,-60,-49.6915268863378
1,35,-55,-49.7160442636998
1,35,-50,-21.0869477357641
1,35,-45,-15.048130274483
1,35,-40,-11.5036028281316
1,35,-35,-8.97873997478379
1,35,-30,-7.01412753078151
1,35,-25,-5.40796261328635
1,35,-20,-4.05531462398055
1,35,-15,-2.89607211113191
1,35,-10,-1.89373941690246
1,35,-5,-1.02540033088864
1,35,0,-0.276425973274955
1,35,5,0.362552889659863
1,35,10,0.89749004066469
1,35,15,1.33210136758314
1,35,20,1.66864160908303
1,35,25,1.90842513805317
1,35,30,2.05217317094576
1,35,35,2.10023536819165
1,35,40,2.0527134069734
1,35,45,1.9095008513023
1,35,50,1.67024376977706
1,35,55,1.33421767866741
1,35,60,0.900106521278832
1,35,65,0.365656157060361
1,35,70,-0.272845512228548
1,35,75,-1.02134400102124
1,35,80,-1.88919381449143
1,35,85,-2.89099933092507
1,35,90,-4.04963647229849
1,35,95,-5.40153290344439
1,35,100,-7.00667822393358
1,35,105,-8.96976192523011
1,35,110,-11.4920302202007
1,35,115,-15.0312396864737
1,35,120,-21.0537679926833
1,35,125,-49.6915268863378
1,35,130,-49.7160442636998
1,35,135,-21.0874275522813
1,35,140,-15.0483531611278
1,35,145,-11.5037451627895
1,35,150,-8.97884663703583
1,35,155,-7.01421689403558
1,35,160,-5.4080440051066
1,35,165,-4.05539330026998
1,35,170,-2.89615111884673
1,35,175,-1.89382042699012
1,35,180,-1.02548406538182
1,40,-180,-0.276512452927024
1,40,-175,0.362464183439822
1,40,-170,0.897400046951795
1,40,-165,1.33201134954649
1,40,-160,1.66855306982618
1,40,-155,1.90833974369821
1,40,-150,2.05209267881127
1,40,-145,2.1001615595332
1,40,-140,2.05264802472705
1,40,-135,1.90944554388909
1,40,-130,1.67020004245389
1,40,-125,1.33418685426253
1,40,-120,0.900089712533465
1,40,-115,0.365654253352657
1,40,-110,-0.27283184003988
1,40,-105,-1.02131427208627
1,40,-100,-1.88914767666139
1,40,-95,-2.8909364501127
1,40,-90,-4.04955633977505
1,40,-85,-5.40143449014088
1,40,-80,-7.0065593110136
1,40,-75,-8.96961764040175
1,40,-70,-11.4918492106185
1,40,-65,-15.0309908784262
1,40,-60,-21.0533218836577
1,40,-55,-49.6915268863378
1,40,-50,-49.7160442636998
1,40,-45,-21.0877721446383
1,40,-40,-15.0485128435281
1,40,-35,-11.5038469370736
1,40,-30,-8.97892283569724
1,40,-25,-7.01428076604605
1,40,-20,-5.4081022842377
1,40,-15,-4.0554497850829
1,40,-10,-2.89620801304145
1,40,-5,-1.89387893864047
1,40,0,-1.0255447141951
1,40,5,-0.276575248490371
1,40,10,0.362399624937612
1,40,15,0.897334416845937
1,40,20,1.33194557684772
1,40,25,1.66848826004179
1,40,30,1.90827712275174
1,40,35,2.05203354053513
1,40,40,2.10010721637647
1,40,45,2.05259976202237
1,40,50,1.90940457846807
1,40,55,1.67016748670873
1,40,60,1.33416368700493
1,40,65,0.900076758276249
1,40,70,0.365652172037136
1,40,75,-0.272822550159776
1,40,80,-1.02129325439179
1,40,85,-1.88911467236414
1,40,90,-2.89089121878665
1,40,95,-4.04949852066393
1,40,100,-5.40136335319031
1,40,105,-7.00647327475804
1,40,110,-8.96951321807922
1,40,115,-11.4917182552554
1,40,120,-15.0308110535235
1,40,125,-21.0530000229026
1,40,130,-49.6915268863378
1,40,135,-49.7160442636998
1,40,140,-21.0879796446332
1,40,145,-15.0486088401485
1,40,150,-11.5039080403135
1,40,155,-8.97896855590747
1,40,160,-7.01431910299077
1,40,165,-5.40813730690077
1,40,170,-4.05548379050142
1,40,175,-2.89624233446285
1,40,180,-1.89391430678021
1,45,-180,-1.02558144247149
1,45,-175,-0.276613340520325
1,45,-170,0.362360404881698
1,45,-165,0.897294491918132
1,45,-160,1.33190551531589
1,45,-155,1.66844873814886
1,45,-150,1.90823889060524
1,45,-145,2.05199739011349
1,45,-140,2.10007395144651
1,45,-135,2.05257017018613
1,45,-130,1.90937940582639
1,45,-125,1.67014741581517
1,45,-120,1.3341493189359
1,45,-115,0.900068599808752
1,45,-110,0.365650629163446
1,45,-105,-0.272817170736252
1,45,-100,-1.02128073335363
1,45,-95,-1.88909485149344
1,45,-90,-2.89086395310875
1,45,-85,-4.04946359481137
1,45,-80,-5.40132033120187
1,45,-75,-7.00642120922296
1,45,-70,-8.96945001443384
1,45,-65,-11.4916390102906
1,45,-60,-15.0307023089143
1,45,-55,-21.0528056123407
1,45,-50,-49.6915268863378
1,45,-45,-49.7160442636998
1,45,-40,-21.0880489351973
1,45,-35,-15.0486408698257
1,45,-30,-11.5039284141005
1,45,-25,-8.9789837957903
1,45,-20,-7.0143318839883
1,45,-15,-5.40814899015095
1,45,-10,-4.05549514468301
1,45,-5,-2.89625380584035
1,45,0,-1.89392613990943
1,45,5,-1.02559374209156
1,45,10,-0.276626107476789
1,45,15,0.362347250079995
1,45,20,0.897281091727502
1,45,25,1.33189206098556
1,45,30,1.66843545726914
1,45,35,1.90822603565961
1,45,40,2.05198522773184
1,45,45,2.10006275229234
1,45,50,2.05256019955254
1,45,55,1.90937091510552
1,45,60,1.67014063506825
1,45,65,1.33414445084176
1,45,70,0.900065815323745
1,45,75,0.365650065305665
1,45,80,-0.272815410428065
1,45,85,-1.02127657487413
1,45,90,-1.8890882416081
1,45,95,-2.89085484337274
1,45,100,-4.04945191362024
1,45,105,-5.40130593358796
1,45,110,-7.00640377963771
1,45,115,-8.96942885428319
1,45,120,-11.4916124826771
1,45,125,-15.0306659183225
1,45,130,-21.0527405921765
1,45,135,-49.6915268863378
1,45,140,-49.7160442636998
1,45,145,-21.0879796446332
1,45,150,-15.0486088401485
1,45,155,-11.5039080403135
1,45,160,-8.97896855590747
1,45,165,-7.01431910299077
1,45,170,-5.40813730690077
1,45,175,-4.05548379050142
1,45,180,-2.89624233446285
1,50,-180,-1.89391430678021
1,50,-175,-1.02558144247149
1,50,-170,-0.276613340520325
1,50,-165,0.362360404881698
1,50,-160,0.897294491918132
1,50,-155,1.33190551531589
1,50,-150,1.66844873814886
1,50,-145,1.90823889060524
1,50,-140,2.05199739011349
1,50,-135,2.10007395144651
1,50,-130,2.05257017018613
1,50,-125,1.90937940582639
1,50,-120,1.67014741581517
1,50,-115,1.3341493189359
1,50,-110,0.900068599808752
1,50,-105,0.365650629163446
1,50,-100,-0.272817170736252
1,50,-95,-1.02128073335363
1,50,-90,-1.88909485149344
1,50,-85,-2.89086395310875
1,50,-80,-4.04946359481137
1,50,-75,-5.40132033120187
1,50,-70,-7.00642120922296
1,50,-65,-8.96945001443384
1,50,-60,-11.4916390102906
1,50,-55,-15.0307023089143
1,50,-50,-21.0528056123407
1,50,-45,-49.6915268863378
1,50,-40,-49.7160442636998
1,50,-35,-21.0877721446383
1,50,-30,-15.0485128435281
1,50,-25,-11.5038469370736
1,50,-20,-8.97892283569724
1,50,-15,-7.01428076604605
1,50,-10,-5.4081022842377
1,50,-5,-4.0554497850829
1,50,0,-2.89620801304145
1,50,5,-1.89387893864047
1,50,10,-1.0255447141951
1,50,15,-0.276575248490371
1,50,20,0.362399624937612
1,50,25,0.897334416845937
1,50,30,1.33194557684772
1,50,35,1.66848826004179
1,50,40,1.90827712275174
1,50,45,2.05203354053513
1,50,50,2.10010721637647
1,50,55,2.05259976202237
1,50,60,1.90940457846807
1,50,65,1.67016748670873
1,50,70,1.33416368700493
1,50,75,0.900076758276249
1,50,80,0.365652172037136
1,50,85,-0.272822550159776
1,50,90,-1.02129325439179
1,50,95,-1.88911467236414
1,50,100,-2.89089121878665
1,50,105,-4.04949852066393
1,50,110,-5.40136335319031
1,50,115,-7.00647327475804
1,50,120,-8.96951321807922
1,50,125,-11.4917182552554
1,50,130,-15.0308110535235
1,50,135,-21.0530000229026
1,50,140,-49.6915268863378
1,50,145,-49.7160442636998
1,50,150,-21.0874275522813
1,50,155,-15.0483531611278
1,50,160,-11.5037451627895
1,50,165,-8.97884663703583
1,50,170,-7.01421689403558
1,50,175,-5.4080440051066
1,50,180,-4.05539330026998
1,55,-180,-2.89615111884673
1,55,-175,-1.89382042699012
1,55,-170,-1.02548406538182
1,55,-165,-0.276512452927024
1,55,-160,0.362464183439822
1,55,-155,0.897400046951795
1,55,-150,1.33201134954649
1,55,-145,1.66855306982618
1,55,-140,1.90833974369821
1,55,-135,2.05209267881127
1,55,-130,2.1001615595332
1,55,-125,2.05264802472705
1,55,-120,1.90944554388909
1,55,-115,1.67020004245389
1,55,-110,1.33418685426253
1,55,-105,0.900089712533465
1,55,-100,0.365654253352657
1,55,-95,-0.27283184003988
1,55,-90,-1.02131427208627
1,55,-85,-1.88914767666139
1,55,-80,-2.8909364501127
1,55,-75,-4.04955633977505
1,55,-70,-5.40143449014088
1,55,-65,-7.0065593110136
1,55,-60,-8.96961764040175
1,55,-55,-11.4918492106185
1,55,-50,-15.0309908784262
1,55,-45,-21.0533218836577
1,55,-40,-49.6915268863378
1,55,-35,-49.7160442636998
1,55,-30,-21.0869477357641
1,55,-25,-15.048130274483
1,55,-20,-11.5036028281316
1,55,-15,-8.97873997478379
1,55,-10,-7.01412753078151
1,55,-5,-5.40796261328635
1,55,0,-4.05531462398055
1,55,5,-2.89607211113191
1,55,10,-1.89373941690246
1,55,15,-1.02540033088864
1,55,20,-0.276425973274955
1,55,25,0.362552889659863
1,55,30,0.89749004066469
1,55,35,1.33210136758314
1,55,40,1.66864160908303
1,55,45,1.90842513805317
1,55,50,2.05217317094576
1,55,55,2.10023536819165
1,55,60,2.0527134069734
1,55,65,1.9095008513023
1,55,70,1.67024376977706
1,55,75,1.33421767866741
1,55,80,0.900106521278832
1,55,85,0.365656157060361
1,55,90,-0.272845512228548
1,55,95,-1.02134400102124
1,55,100,-1.88919381449143
1,55,105,-2.89099933092507
1,55,110,-4.04963647229849
1,55,115,-5.40153290344439
1,55,120,-7.00667822393358
1,55,125,-8.96976192523011
1,55,130,-11.4920302202007
1,55,135,-15.0312396864737
1,55,140,-21.0537679926833
1,55,145,-49.6915268863378
1,55,150,-49.7160442636998
1,55,155,-21.0863353234793
1,55,160,-15.0478448842963
1,55,165,-11.5034201154651
1,55,170,-8.97860289391581
1,55,175,-7.01401275620928
1,55,180,-5.40785832145094
1,60,-180,-4.0552141623707
1,60,-175,-2.8959716268746
1,60,-170,-1.89363679607459
1,60,-165,-1.02529465463809
1,60,-160,-0.276317202688848
1,60,-155,0.362664119249693
1,60,-150,0.897602570192328
1,60,-145,1.33221363581869
1,60,-140,1.66875175832657
1,60,-135,1.90853111034054
1,60,-130,2.05227279755377
1,60,-125,2.10032645317629
1,60,-120,2.05279380424286
1,60,-115,1.90956853394437
1,60,-110,1.67029688981651
1,60,-105,1.33425461497957
1,60,-100,0.900125912894427
1,60,-95,0.365656918385235
1,60,-90,-0.272864198983866
1,60,-85,-1.02138272322111
1,60,-80,-1.88925300785
1,60,-75,-2.89107942069946
1,60,-70,-4.04973811854833
1,60,-65,-5.40165744063886
1,60,-60,-7.00682851222452
1,60,-55,-8.96994421231681
1,60,-50,-11.4922590111082
1,60,-45,-15.0315545950059
1,60,-40,-21.05433393324
1,60,-35,-49.6915268863378
1,60,-30,-49.7160442636998
1,60,-25,-21.0855937155632
1,60,-20,-15.047497935574
1,60,-15,-11.5031973049714
1,60,-10,-8.97843549257484
1,60,-5,-7.01387270405171
1,60,0,-5.40773142197315
1,60,5,-4.05509244264952
1,60,10,-2.89585047489066
1,60,15,-1.89351367987079
1,60,20,-1.02516846554952
1,60,25,-0.276187875122392
1,60,30,0.362795855429826
1,60,35,0.897735370148863
1,60,40,1.3323456847924
1,60,45,1.66888089706584
1,60,50,1.90865494868172
1,60,55,2.05238881959082
1,60,60,2.10043211499147
1,60,65,2.05288662369013
1,60,70,1.90964617103841
1,60,75,1.67035721562478
1,60,80,1.33429576637141
1,60,85,0.900146329903427
1,60,90,0.36565536007565
1,60,95,-0.27288866574928
1,60,100,-1.02143077051776
1,60,105,-1.88932514286634
1,60,110,-2.89117615668529
1,60,115,-4.04986027077963
1,60,120,-5.40180665635071
1,60,125,-7.00700829679123
1,60,130,-8.97016217452013
1,60,135,-11.492532738064
1,60,140,-15.0319319876063
1,60,145,-21.0550141380015
1,60,150,-49.6915268863378
1,60,155,-49.7160442636998
1,60,160,-21.084727096869
1,60,165,-15.0470906479739
1,60,170,-11.5029348064171
1,60,175,-8.97823795015908
1,60,180,-7.01370758340043
1,65,-180,-5.40758230000808
1,65,-175,-4.05495011634275
1,65,-170,-2.89570962839377
1,65,-165,-1.89337139272085
1,65,-160,-1.02502344772153
1,65,-155,-0.276040024627809
1,65,-150,0.362945739875824
1,65,-145,0.89788579759575
1,65,-140,1.3324946385851
1,65,-135,1.66902597790424
1,65,-130,1.90879350333996
1,65,-125,2.05251805940224
1,65,-120,2.10054922534775
1,65,-115,2.05298886409193
1,65,-110,1.90973096414739
1,65,-105,1.67042222300711
1,65,-100,1.33433894798725
1,65,-95,0.900165983695651
1,65,-90,0.365650136993608
1,65,-85,-0.272919777707435
1,65,-80,-1.0214885029396
1,65,-75,-1.88941006038376
1,65,-70,-2.89128885669729
1,65,-65,-4.05000172788834
1,65,-60,-5.4019788383119
1,65,-55,-7.00721535725665
1,65,-50,-8.97041306391918
1,65,-45,-11.4928480384134
1,65,-40,-15.0323675784146
1,65,-35,-21.0558019692245
1,65,-30,-49.6915268863378
1,65,-25,-49.7160442636998
1,65,-20,-21.0837404500443
1,65,-15,-15.0466245499764
1,65,-10,-11.5026331952875
1,65,-5,-8.97801055934664
1,65,0,-7.01351770324937
1,65,5,-5.40741144828765
1,65,10,-4.05478796275584
1,65,15,-2.89555021609428
1,65,20,-1.89321144631843
1,65,25,-1.02486150566638
1,65,30,-0.27587593801023
1,65,35,0.36311113183727
1,65,40,0.89805090173765
1,65,45,1.3326572935497
1,65,50,1.66918361246623
1,65,55,1.90894327776824
1,65,60,2.05265699464495
1,65,65,2.10067432160831
1,65,70,2.0530972084386
1,65,75,1.90981982557439
1,65,80,1.67048913250713
1,65,85,1.33438176047201
1,65,90,0.900182917798557
1,65,95,0.365639787621885
1,65,100,-0.272958461206206
1,65,105,-1.02155628387015
1,65,110,-1.88950754526476
1,65,115,-2.89141672259246
1,65,120,-4.0501611127125
1,65,125,-5.40217203780607
1,65,130,-7.00744717462224
1,65,135,-8.97069376566036
1,65,140,-11.4932010963872
1,65,145,-15.0328564874114
1,65,150,-21.0566898131356
1,65,155,-49.6915268863378
1,65,160,-49.7160442636998
1,65,165,-21.0826395672121
1,65,170,-15.0461015152831
1,65,175,-11.5022932518088
1,65,180,-8.97775376079166
1,70,-180,-7.01330349904454
1,70,-175,-5.40721948297049
1,70,-170,-4.05460689234973
1,70,-165,-2.89537351194589
1,70,-160,-1.8930355151398
1,70,-155,-1.02468472552525
1,70,-150,-0.275698102163125
1,70,-145,0.363289173789117
1,70,-140,0.898227501237324
1,70,-135,1.33283020558237
1,70,-130,1.66935016659031
1,70,-125,1.90910052942779
1,70,-120,2.05280186224562
1,70,-115,2.10080371128784
1,70,-110,2.05320812634206
1,70,-105,1.90990947609526
1,70,-100,1.67055500000592
1,70,-95,1.33442167117829
1,70,-90,0.90019507770081
1,70,-85,0.365622790838707
1,70,-80,-0.273005661325118
1,70,-75,-1.02163445284141
1,70,-70,-1.88961731486939
1,70,-65,-2.89155884446346
1,70,-60,-4.05033689156112
1,70,-55,-5.40238410379208
1,70,-50,-7.00770097897228
1,70,-45,-8.97100085813673
1,70,-40,-11.4935877149734
1,70,-35,-15.0333933248275
1,70,-30,-21.0576691865214
1,70,-25,-49.6915268863378
1,70,-20,-49.7160442636998
1,70,-15,-21.0814310586182
1,70,-10,-15.0455237996863
1,70,-5,-11.501916001231
1,70,0,-8.97746817909792
1,70,5,-7.01306556015311
1,70,10,-5.40700715982552
1,70,15,-4.05440794971741
1,70,20,-2.89518092366577
1,70,25,-1.89284540985924
1,70,30,-1.02449533329456
1,70,35,-0.275509147555708
1,70,40,0.363476861733083
1,70,45,0.898412266894547
1,70,50,1.33300978335868
1,70,55,1.66952186195396
1,70,60,1.90926137735415
1,70,65,2.05294876925823
1,70,70,2.10093358343233
1,70,75,2.05331798313388
1,70,80,1.90999654902191
1,70,85,1.67061681313203
1,70,90,1.33445610051784
1,70,95,0.900200385025053
1,70,100,0.365597626138078
1,70,105,-0.273062296984155
1,70,110,-1.02172329691453
1,70,115,-1.88973900719812
1,70,120,-2.89171420557877
1,70,125,-4.0505273955546
1,70,130,-5.40261271986563
1,70,135,-7.00797380100063
1,70,140,-8.97133067794609
1,70,145,-11.4940033935652
1,70,150,-15.0339722826194
1,70,155,-21.0587308532692
1,70,160,-49.6915268863378
1,70,165,-49.7160442636998
1,70,170,-21.0801223565404
1,70,175,-15.0448940765588
1,70,180,-11.5015027536487
1,75,-180,-8.9771546585936
1,75,-175,-7.01280465710135
1,75,-170,-5.40677538998734
1,75,-165,-4.05419231583218
1,75,-160,-2.89497398016528
1,75,-155,-1.89264304928157
1,75,-150,-1.0242956511666
1,75,-145,-0.275311789441672
1,75,-140,0.363671118140151
1,75,-135,0.898601807284548
1,75,-130,1.33319238478976
1,75,-125,1.6696948811098
1,75,-120,1.90942191324855
1,75,-115,2.05309380727815
1,75,-110,2.10106012350029
1,75,-105,2.05342315232298
1,75,-100,1.91007769739914
1,75,-95,1.6706715904989
1,75,-90,1.33448251076104
1,75,-85,0.900196813704783
1,75,-80,0.365562835356988
1,75,-75,-0.273129215084171
1,75,-70,-1.02182302166055
1,75,-65,-1.88987216921919
1,75,-60,-2.89188168809736
1,75,-55,-4.05073084332507
1,75,-50,-5.40285544316024
1,75,-45,-7.00826252605221
1,75,-40,-8.97167938796088
1,75,-35,-11.4944434094169
1,75,-30,-15.0345872307995
1,75,-25,-21.0598649484242
1,75,-20,-49.6915268863378
1,75,-15,-49.7160442636998
1,75,-10,-21.0787217127498
1,75,-5,-15.0442154690768
1,75,0,-11.5010551416003
1,75,5,-8.97681429739473
1,75,10,-7.01252176740376
1,75,15,-5.40652525450381
1,75,20,-4.05396130923694
1,75,25,-2.8947543180404
1,75,30,-1.89243043143619
1,75,35,-1.02408805312481
1,75,40,-0.275108768413466
1,75,45,0.363868865458945
1,75,50,0.898792754872611
1,75,55,1.33337441386398
1,75,60,1.66986547281577
1,75,65,1.90957831277104
1,75,70,2.05323316696544
1,75,75,2.10117962826135
1,75,80,2.05352012798025
1,75,85,1.91014970103959
1,75,90,1.67071648069404
1,75,95,1.33449849450513
1,75,100,0.900182465749915
1,75,105,0.36551708391409
1,75,110,-0.273207145211582
1,75,115,-1.02193372277988
1,75,120,-1.89001624591089
1,75,125,-2.89206007957944
1,75,130,-4.0509453646055
1,75,135,-5.4031097442489
1,75,140,-7.00856394931735
1,75,145,-8.97204304677849
1,75,150,-11.4949029008656
1,75,155,-15.03523181632
1,75,160,-21.0610611072154
1,75,165,-49.6915268863378
1,75,170,-49.7160442636998
1,75,175,-21.0772381878735
1,75,180,-15.0434915773189
1,80,-180,-11.5005751537023
1,80,-175,-8.97644847826088
1,80,-170,-7.01221809881758
1,80,-165,-5.4062580169084
1,80,-160,-4.05371638585184
1,80,-155,-2.89452366727772
1,80,-150,-1.89220960448422
1,80,-145,-1.02387492094257
1,80,-140,-0.274902791930466
1,80,-135,0.364067098110067
1,80,-130,0.898981850118738
1,80,-125,1.33355241503842
1,80,-120,1.67003005454121
1,80,-115,1.90972694371136
1,80,-110,2.05336324923057
1,80,-105,2.10128861722913
1,80,-100,2.05360563361859
1,80,-95,1.9102095701039
1,80,-90,1.67074885794864
1,80,-85,1.33450186003644
1,80,-80,0.900155644190305
1,80,-75,0.36545921956888
1,80,-70,-0.273296656433352
1,80,-65,-1.02205535939255
1,80,-60,-1.89017057054139
1,80,-55,-2.89224808030637
1,80,-50,-4.0511690242245
1,80,-45,-5.40337304709975
1,80,-40,-7.00887483080682
1,80,-35,-8.97241767780534
1,80,-30,-11.4953769502531
1,80,-25,-15.0358995621782
1,80,-20,-21.0623085964451
1,80,-15,-49.6915268863378
1,80,-10,-49.7160442636998
1,80,-5,-21.0756816311368
1,80,0,-15.042726498478
1,80,5,-11.5000651626568
1,80,10,-8.97605889481007
1,80,15,-7.01189510890864
1,80,20,-5.40597513308483
1,80,25,-4.0534591370999
1,80,30,-2.89428383633806
1,80,35,-1.89198263808059
1,80,40,-1.02365860170612
1,80,45,-0.274696478407793
1,80,50,0.364262950944196
1,80,55,0.899166021156764
1,80,60,1.33372316242634
1,80,65,1.67018530912286
1,80,70,1.90986446781332
1,80,75,2.05348076974005
1,80,80,2.10138393725206
1,80,85,2.05367672424336
1,80,90,1.91025464203631
1,80,95,1.67076641151235
1,80,100,1.33449071090019
1,80,105,0.900114920864355
1,80,110,0.36538832677782
1,80,115,-0.273398117655973
1,80,120,-1.02218772999309
1,80,125,-1.89033435668513
1,80,130,-2.8924443114131
1,80,135,-4.05139984603039
1,80,140,-5.40364276815203
1,80,145,-7.00919194876063
1,80,150,-8.97279933626207
1,80,155,-11.4958606645247
1,80,160,-15.0365839644535
1,80,165,-21.0635964456594
1,80,170,-49.6915268863378
1,80,175,-49.7160442636998
1,80,180,-21.0740626491505
1,85,-180,-15.0419248385806
1,85,-175,-11.4995279461024
1,85,-170,-8.97564757177319
1,85,-165,-7.01155451990161
1,85,-160,-5.40567825775493
1,85,-155,-4.05319128608203
1,85,-150,-2.89403669678318
1,85,-145,-1.89175159580345
1,85,-140,-1.02344136792359
1,85,-135,-0.274492305362699
1,85,-130,0.364453762258873
1,85,-125,0.899342456775428
1,85,-120,1.33388374119245
1,85,-115,1.67032827272818
1,85,-110,1.90998793322529
1,85,-105,2.05358285360559
1,85,-100,2.1014628570949
1,85,-95,2.05373087845532
1,85,-90,1.91028266886555
1,85,-85,1.67076722594601
1,85,-80,1.33446351716287
1,85,-75,0.90005919687085
1,85,-70,0.365303774848529
1,85,-65,-0.273511662922125
1,85,-60,-1.02233045199248
1,85,-55,-1.89050669243221
1,85,-50,-2.89264732382428
1,85,-45,-4.05163583628005
1,85,-40,-5.40391635362347
1,85,-35,-7.00951215020881
1,85,-30,-8.97318417248265
1,85,-25,-11.4963492515781
1,85,-20,-15.0372785850828
1,85,-15,-21.0649135755981
1,85,-10,-49.6915268863378
1,85,-5,-49.7160442636998
1,85,0,-21.0723925626528
1,85,5,-15.0410917143167
1,85,10,-11.4989666989645
1,85,15,-8.97521687812375
1,85,20,-7.01119832791169
1,85,25,-5.40536924700404
1,85,30,-4.05291468157841
1,85,35,-2.89378416760951
1,85,40,-1.89151850921973
1,85,45,-1.02322538119289
1,85,50,-0.274292562982745
1,85,55,0.364637129643066
1,85,60,0.899508670640082
1,85,65,1.33403161881102
1,85,70,1.67045641155291
1,85,75,1.91009485483867
1,85,80,2.05366711742074
1,85,85,2.10152314914896
1,85,90,2.05376607779012
1,85,95,1.91029189217187
1,85,100,1.67074984981824
1,85,105,1.33441917609937
1,85,110,0.899987753718392
1,85,115,0.365205258276006
1,85,120,-0.273637162877578
1,85,125,-1.02248294566964
1,85,130,-1.89068653719171
1,85,135,-2.89285560797067
1,85,140,-4.05187500606009
1,85,145,-5.40419131422502
1,85,150,-7.00983239750448
1,85,155,-8.97356849000852
1,85,160,-11.4968380905859
1,85,165,-15.037977138349
1,85,170,-21.066248921571
1,85,175,-49.6915268863378
1,85,180,-49.7160442636998
1,90,-180,-21.0706833504077
1,90,-175,-15.0402327438513
1,90,-170,-11.4983850361951
1,90,-165,-8.97476953211671
1,90,-160,-7.01082880580855
1,90,-155,-5.40505015636603
1,90,-150,-4.05263128970562
1,90,-145,-2.89352819945335
1,90,-140,-1.89128535409513
1,90,-135,-1.02301266028314
1,90,-130,-0.274099314307142
1,90,-125,0.364810957143534
1,90,-120,0.899662554965565
1,90,-115,1.33416470415424
1,90,-110,1.67056768502581
1,90,-105,1.91018328014603
1,90,-100,2.05373173619523
1,90,-95,2.10156315580046
1,90,-90,2.05378087086507
1,90,-85,1.91028110339427
1,90,-80,1.67071335064073
1,90,-75,1.33435706035549
1,90,-70,0.899900293485416
1,90,-65,0.365092827875782
1,90,-60,-0.273774203459053
1,90,-55,-1.02264442322883
1,90,-50,-1.8908727214184
1,90,-45,-2.89306760424969
1,90,-40,-4.05211539234445
1,90,-35,-5.40446525654954
1,90,-30,-7.01014980978356
1,90,-25,-8.97394879715437
1,90,-20,-11.4973227947209
1,90,-15,-15.0386735692709
1,90,-10,-21.0675915496179
1,90,-5,-49.6915268863378
1,90,0,-49.7160442636998
1,90,5,-21.0689475797976
1,90,10,-15.039354025791
1,90,15,-11.4977869850649
1,90,20,-8.97430859749979
1,90,25,-7.0104484991448
1,90,30,-5.40472323411337
1,90,35,-4.05234318312058
1,90,40,-2.893270758824
1,90,45,-1.89105402918441
1,90,50,-1.02280505434422
1,90,55,-0.273914363005121
1,90,60,0.364973492516035
1,90,65,0.899802422176305
1,90,70,1.33428139275264
1,90,75,1.67066059370594
1,90,80,1.91025183869333
1,90,85,2.05377549319709
1,90,90,2.10158183845289
1,90,95,2.05377442036564
1,90,100,1.9102496875956
1,90,105,1.67065735429314
1,90,110,1.3342770520129
1,90,115,0.899796966633285
1,90,120,0.364966911603851
1,90,125,-0.273922072640504
1,90,130,-1.02281388350989
1,90,135,-1.89106394951056
1,90,140,-2.89328171417676
1,90,145,-4.05235507734393
1,90,150,-5.40473591051182
1,90,155,-7.01046169847189
1,90,160,-8.97432185093142
1,90,165,-11.497799264956
1,90,170,-15.039362122357
1,90,175,-21.0689307635727
1,90,180,-49.6915268863378
